{"cameraMode":{"drawMode":0,"name":"Shaded","section":"Shading Mode"},"sceneLighting":false,"audioPlay":false,"sceneViewState":{"showFog":true,"showMaterialUpdate":false,"showSkybox":true,"showFlares":true,"showImageEffects":true,"showParticleSystems":true},"in2DMode":false,"pivot":{"x":-5.964542388916016,"y":-26.672008514404298,"z":-660.8237915039063},"rotation":{"x":0.0023275846615433695,"y":-0.991830050945282,"z":0.018174277618527414,"w":0.12624360620975495},"size":3.1255857944488527,"orthographic":false}