{"cameraMode":{"drawMode":0,"name":"Shaded","section":"Shading Mode"},"sceneLighting":true,"audioPlay":false,"sceneViewState":{"showFog":true,"showMaterialUpdate":true,"showSkybox":true,"showFlares":true,"showImageEffects":true,"showParticleSystems":true},"in2DMode":false,"pivot":{"x":350.994140625,"y":22.699539184570314,"z":242.9058074951172},"rotation":{"x":-0.1685456484556198,"y":-0.23238986730575562,"z":0.04093258082866669,"w":-0.9570328593254089},"size":597.9002685546875,"orthographic":false}