{"cameraMode":{"drawMode":0,"name":"Shaded","section":"Shading Mode"},"sceneLighting":true,"audioPlay":false,"sceneViewState":{"showFog":true,"showMaterialUpdate":false,"showSkybox":true,"showFlares":true,"showImageEffects":true,"showParticleSystems":true},"in2DMode":false,"pivot":{"x":-118.9477310180664,"y":-1.0490455627441407,"z":73.8797378540039},"rotation":{"x":0.14654657244682313,"y":0.2779734134674072,"z":-0.042953915894031528,"w":0.9483721852302551},"size":130.43798828125,"orthographic":false}