{"cameraMode":{"drawMode":0,"name":"Shaded","section":"Shading Mode"},"sceneLighting":false,"audioPlay":false,"sceneViewState":{"showFog":true,"showMaterialUpdate":true,"showSkybox":true,"showFlares":true,"showImageEffects":true,"showParticleSystems":true},"in2DMode":false,"pivot":{"x":-0.21573078632354737,"y":0.33392298221588137,"z":0.039103031158447269},"rotation":{"x":-0.07335951924324036,"y":-0.3467242419719696,"z":0.027218762785196306,"w":-0.9346978068351746},"size":2.9898018836975099,"orthographic":false}