{"cameraMode":{"drawMode":0,"name":"Shaded","section":"Shading Mode"},"sceneLighting":false,"audioPlay":false,"sceneViewState":{"showFog":true,"showMaterialUpdate":false,"showSkybox":true,"showFlares":true,"showImageEffects":true,"showParticleSystems":true},"in2DMode":false,"pivot":{"x":-0.4476242661476135,"y":2.8689098358154299,"z":-0.5804253816604614},"rotation":{"x":0.614264726638794,"y":0.2936348021030426,"z":-0.2640133202075958,"w":0.6831942200660706},"size":0.44607260823249819,"orthographic":false}