{"cameraMode":{"drawMode":0,"name":"Shaded","section":"Shading Mode"},"sceneLighting":true,"audioPlay":false,"sceneViewState":{"showFog":true,"showMaterialUpdate":true,"showSkybox":true,"showFlares":true,"showImageEffects":true,"showParticleSystems":true},"in2DMode":false,"pivot":{"x":-3.3134026527404787,"y":-0.4362986087799072,"z":11.640679359436036},"rotation":{"x":0.06355930119752884,"y":-0.1904394030570984,"z":0.012462077662348748,"w":0.9796374440193176},"size":8.226354598999024,"orthographic":false}